B1,B2,B3,B4,B5,B6,B7,B8,B8A,B9,B11,B12,SCL,QA60,VV,VH,HH,HV,angle,elevation,manganese_proxy,label
612.0,699.5,978.0,961.0,1474.0,2190.5,2477.5,2523.0,2653.0,2718.0,2311.0,1523.0,5.0,0.0,-10.639692657376868,-17.089864665140816,0.0,0.0,32.549034118652344,308.0,0.001588895,1
543.1111111111111,568.36,815.5294117647059,738.0909090909091,981.75,1072.6666666666667,1167.0,1056.6666666666667,1038.6666666666667,1480.75,785.3333333333334,465.0,5.0,0.0,-16.964346643000503,-24.55907320925258,0.0,0.0,33.020042419433594,309.0,0.0070777396,1
322.0,404.0,653.0,578.0,1066.0,1949.0,2212.0,2307.0,2487.0,2470.0,1617.0,885.0,4.0,0.0,-9.266593931717333,-16.551601193812484,0.0,0.0,43.354591369628906,559.0,0.027493838,1
691.5,829.5,1017.0,1105.5,1337.0,2012.0,2281.5,2235.0,2417.5,2708.5,2029.5,1446.0,5.0,0.0,-11.157115552079475,-18.089465816753716,0.0,0.0,32.63028335571289,317.0,0.0021271375,1
377.5,427.0,626.5,481.5,1024.5,2273.5,2735.0,2872.5,2998.0,2650.5,1883.0,932.5,4.0,0.0,-8.008692803214412,-13.859656063609116,0.0,0.0,31.80710792541504,540.0,0.037588783,1
324.0,359.0,502.0,479.0,798.0,1526.0,1748.0,1876.0,2022.0,2234.5,1395.0,682.0,4.0,0.0,-7.744670144557739,-15.084448443740849,0.0,0.0,32.21770477294922,595.0,0.023977395,1
542.7142857142857,798.5714285714286,1001.5,1033.0,1519.2,2200.6666666666665,2471.5,2583.0,2683.0,2725.5,2673.285714285714,1748.25,5.0,0.0,-10.819988078476543,-16.804542885471577,0.0,0.0,33.11561965942383,317.0,0.00906181,1
855.0,1101.0,1377.0,1585.5,1870.0,2288.5,2462.0,2442.5,2577.5,2741.5,2870.0,2393.5,5.0,0.0,-10.397103089280076,-16.94775821559457,0.0,0.0,33.02360534667969,322.0,0.019687317,1
578.0,677.0,875.0,924.5,1344.0,1953.5,2301.5,2348.0,2344.5,2490.0,2069.0,1514.5,5.0,0.0,-10.468226717173886,-16.83822829049076,0.0,0.0,32.30439758300781,303.0,0.00097640895,1
346.0,394.0,566.0,543.0,898.0,1615.0,1900.0,1944.0,2248.0,2282.0,1805.0,1173.0,4.0,0.0,-9.389472359873274,-16.53659036408783,0.0,0.0,31.440692901611328,639.0,0.00045256456,1
605.2857142857143,609.3333333333334,822.5,887.0,1286.25,1797.4,1994.0,2037.0,2211.0,2527.5555555555557,1910.5,1366.0,5.0,0.0,-9.056528841290358,-17.345460818097674,0.0,0.0,33.169097900390625,311.0,0.005653488,1
717.0,890.0,1195.0,1450.0,1816.5,2583.0,2883.5,3092.5,3223.5,3146.0,3520.5,2576.0,5.0,0.0,-12.006087378191769,-19.334940161527918,0.0,0.0,33.04762268066406,303.0,0.024571113,1
424.0,490.0,724.0,701.0,1149.0,1788.0,1995.0,2061.0,2256.0,2555.0,2444.0,1705.0,5.0,0.0,-9.601259452260765,-16.504164868911435,0.0,0.0,31.260196685791016,641.0,0.021385293,1
627.5,707.0,964.5,896.0,1403.5,2215.5,2539.0,2618.0,2720.5,2773.0,1987.5,1153.5,5.0,0.0,-10.850997630271355,-17.38830763222235,0.0,0.0,32.884674072265625,305.0,0.0155282365,1
590.5,687.0,902.0,987.5,1348.0,1974.0,2221.5,2231.0,2405.0,2398.0,1995.0,1449.5,5.0,0.0,-9.88820503027734,-17.289318097943934,0.0,0.0,32.68317413330078,311.0,0.0021625988,1
610.3,661.7142857142857,930.0,985.3333333333334,1376.2,2071.3333333333335,2339.714285714286,2448.4285714285716,2592.3333333333335,2646.8333333333335,2348.0,1592.0,5.0,0.0,-10.806810552187827,-16.887382191793133,0.0,0.0,33.1649055480957,305.0,0.0076071685,1
661.0,830.0,1095.0,1176.0,1579.0,2251.0,2498.0,2644.0,2735.0,2878.0,2907.0,2010.0,5.0,0.0,-10.13204977268302,-16.620575552507546,0.0,0.0,32.88536071777344,312.0,0.016513763,1
619.0,806.0,1106.0,1358.0,1650.0,2131.0,2346.0,2571.0,2693.0,2634.0,3558.0,2611.0,5.0,0.0,-11.922494351825684,-17.98646632013029,0.0,0.0,31.637248992919922,615.0,0.042607963,1
888.0,1037.0,1415.0,1733.0,2197.0,2547.0,2781.0,2794.0,2965.0,2868.0,3656.0,2667.0,5.0,0.0,-11.445546506467727,-20.04494274097773,0.0,0.0,32.82420349121094,303.0,0.038711455,1
304.5,337.0,456.0,435.0,825.5,1710.5,2119.5,2207.5,2338.5,2530.0,1596.0,946.5,4.0,0.0,-5.184812283560781,-12.344572975649125,0.0,0.0,31.071550369262695,664.0,0.02442719,1
356.5,381.0,587.0,398.5,880.0,2299.0,2760.5,3003.0,2988.5,2711.0,1648.0,808.5,4.0,0.0,-9.479868874753405,-15.909616498298167,0.0,0.0,31.96891212463379,360.0,0.0525091,1
484.0,537.0,728.0,649.0,1195.0,2045.0,2381.0,2472.0,2589.0,2816.0,2021.0,1206.0,4.0,0.0,-9.097955811440304,-15.422808561118943,0.0,0.0,33.99993133544922,336.0,0.012089746,1
662.0,783.0,983.0,999.5,1342.0,2123.5,2461.0,2508.0,2600.5,2700.5,2418.5,1809.0,5.0,0.0,-7.4015440572114315,-14.14220186718946,0.0,0.0,32.27397918701172,309.0,0.0032305352,1
537.0,630.5,835.5,851.0,1244.5,2091.5,2387.0,2497.0,2681.5,2373.0,2074.0,1329.0,5.0,0.0,-9.148987275996546,-15.487561277509979,0.0,0.0,33.22283172607422,339.0,0.00704723,1
313.5,354.5,486.5,374.0,799.5,1864.5,2219.5,2327.5,2488.5,2617.5,1513.0,697.0,4.0,0.0,-5.721987730597419,-12.787055065303182,0.0,0.0,32.31550598144531,609.0,0.039848093,1
339.0,363.0,522.0,412.0,880.0,1605.0,1944.0,2113.0,2268.0,2383.0,1638.0,854.0,4.0,0.0,-8.008443259819568,-15.053086390801138,0.0,0.0,31.65066909790039,619.0,0.020489987,1
369.5,442.5,619.5,513.5,923.0,1852.5,2161.0,2291.0,2404.5,2377.0,1600.5,740.0,4.0,0.0,-7.812731384024011,-15.256254220927552,0.0,0.0,32.41983413696289,353.0,0.032075584,1
561.5,702.5,981.5,1138.0,1624.0,2296.5,2589.5,2776.5,3020.0,2696.5,3405.5,2374.0,5.0,0.0,-9.411873379679838,-16.010362594968527,0.0,0.0,31.534706115722656,598.0,0.030834157,1
633.0,805.0,1092.0,1325.0,1727.0,2083.0,2327.0,2369.0,2519.0,2621.0,3191.0,2360.0,5.0,0.0,-10.605095082611566,-18.542160635287026,0.0,0.0,33.05295181274414,344.0,0.038838368,1
635.25,824.6666666666666,1096.4,1235.6666666666667,1747.5,2481.0,2775.5714285714284,2905.6666666666665,3110.5,2938.25,3241.0,2265.6666666666665,5.0,0.0,-11.481258669630733,-17.90045103236354,0.0,0.0,32.99095916748047,313.0,0.019491894,1
317.0,373.0,527.0,426.0,836.0,1936.0,2269.0,2429.0,2515.0,2535.0,1609.0,792.0,4.0,0.0,-7.971328954323468,-14.751477135673124,0.0,0.0,32.28406524658203,588.0,0.03679179,1
344.0,439.0,606.0,522.0,943.0,1791.0,2090.0,2281.0,2345.0,2295.0,1756.0,986.0,4.0,0.0,-8.01868232384105,-15.088625947354217,0.0,0.0,32.307132720947266,565.0,0.01872749,1
718.5,857.5,1109.5,1215.5,1692.0,2436.5,2743.5,2839.5,3019.0,2897.0,2989.0,2084.0,5.0,0.0,-11.133326973792384,-19.02665245465542,0.0,0.0,32.43946075439453,304.0,0.013057967,1
313.0,362.5,500.5,456.0,891.0,1663.5,1949.0,2019.5,2246.0,2346.0,1675.5,836.0,4.0,0.0,-9.127196838240792,-15.134551638129881,0.0,0.0,31.085655212402344,738.0,0.013992304,1
313.5,368.5,570.0,391.5,924.0,2120.0,2494.0,2661.0,2728.0,2511.0,1594.0,774.0,4.0,0.0,-7.0509002047983875,-13.600777274887644,0.0,0.0,32.37015151977539,603.0,0.045548197,1
613.0,795.5,1191.5,1338.5,1847.0,2594.5,2863.5,2940.0,3079.5,3122.5,3415.5,2679.0,5.0,0.0,-12.270437748814235,-18.792533801216813,0.0,0.0,31.64902687072754,578.0,0.02573586,1
672.5,905.0,1196.5,1442.0,1841.0,2410.5,2696.0,2806.5,2995.5,2789.0,3461.5,2574.5,5.0,0.0,-11.182035694021492,-18.493736283361706,0.0,0.0,31.86007308959961,318.0,0.029642109,1
679.0,783.0,1075.3333333333333,1197.0,1504.5,2337.0,2630.0,2854.0,2936.0,2958.4,2707.3333333333335,1846.0,5.0,0.0,-10.48836967235024,-16.5246246632423,0.0,0.0,33.72761154174805,332.0,0.007947805,1
627.0,825.5,1167.5,1326.5,1793.5,2536.0,2795.0,2891.5,3057.5,2929.5,3228.5,2305.5,5.0,0.0,-10.879946058386556,-17.210695077243383,0.0,0.0,32.21881103515625,306.0,0.022796035,1
606.0,644.5,894.0,902.5,1396.0,2147.0,2471.0,2580.5,2702.0,2705.0,1894.5,1198.0,5.0,0.0,-10.944038238028234,-18.23875175251626,0.0,0.0,32.13198471069336,304.0,0.015738564,1
697.5,940.0,1254.0,1523.5,2010.0,2511.5,2804.0,2989.5,3157.5,3054.0,3677.0,2703.0,5.0,0.0,-12.718042036434731,-19.452175026769208,0.0,0.0,32.13355255126953,310.0,0.03069283,1
401.0,490.0,682.0,891.0,1248.0,1746.0,1983.0,2141.0,2178.0,2459.0,2767.0,1964.0,5.0,0.0,-10.045862838514172,-16.225970050360356,0.0,0.0,31.053386688232422,617.0,0.041834846,1
667.0,750.0,966.0,1032.0,1510.0,2248.0,2598.0,2777.0,2814.0,2771.0,2626.0,1675.0,5.0,0.0,-10.814005410295142,-16.636933745429303,0.0,0.0,32.644290924072266,301.0,0.0039331717,1
337.0,398.0,571.0,528.0,894.0,1785.0,2066.0,2294.0,2320.0,2347.0,1638.0,868.0,4.0,0.0,-7.387908013345324,-14.794296782364881,0.0,0.0,32.164676666259766,567.0,0.027106488,1
368.0,449.0,626.0,642.0,1039.0,1720.0,2009.0,2150.0,2290.0,2270.0,1753.0,1048.0,4.0,0.0,-8.100617697258535,-15.007422285456585,0.0,0.0,31.59574317932129,621.0,0.009769919,1
360.0,379.0,587.0,491.0,927.0,1840.0,2159.0,2386.0,2408.0,2339.0,1777.0,937.0,4.0,0.0,-5.908015135804325,-12.632689146657643,0.0,0.0,31.75318717956543,583.0,0.024261607,1
353.0,434.0,616.0,745.0,1180.0,1615.0,1815.0,1865.0,2044.0,2354.0,2300.0,1644.0,5.0,0.0,-10.054533707763886,-17.134144176772438,0.0,0.0,30.825857162475586,636.0,0.0335247,1
644.0,764.0,966.0,1174.0,1532.0,1908.0,2144.0,2301.0,2491.0,2526.0,3098.0,2192.0,5.0,0.0,-9.645605830394214,-17.80493707858065,0.0,0.0,32.777252197265625,318.0,0.035727642,1
543.0,650.0,953.0,1178.0,1574.0,1988.0,2242.0,2303.0,2436.0,2074.0,2242.0,1643.0,5.0,0.0,-15.803912748305297,-22.102711852085132,0.0,0.0,30.861530303955078,618.0,0.018121865,1
342.0,390.0,517.0,450.0,881.0,1725.0,2059.0,2169.0,2349.0,2309.0,1527.0,844.0,4.0,0.0,-7.050352509969597,-14.38775170965241,0.0,0.0,31.911334991455078,587.0,0.02678517,1
529.0,552.0,730.0,734.0,1210.0,1982.0,2300.0,2324.0,2546.0,2478.0,2392.0,1550.0,4.0,0.0,-8.96539373406905,-17.392127438167368,0.0,0.0,33.24074172973633,326.0,0.00854733,1
524.0,521.0,731.0,807.0,1177.0,1755.0,2078.0,2049.0,2258.0,2378.0,2146.0,1538.0,5.0,0.0,-9.61124679702176,-16.50041179020932,0.0,0.0,30.88726043701172,608.0,0.014987628,1
539.0,583.0,850.0,961.0,1412.0,2030.0,2479.0,2497.0,2744.0,2750.0,2699.0,1840.0,5.0,0.0,-10.222584139770287,-16.848222547386015,0.0,0.0,30.873062133789062,619.0,0.02080693,1
434.0,504.5,696.0,666.0,1204.5,1862.0,2100.0,2277.0,2286.0,2343.0,2111.0,1222.0,4.0,0.0,-7.80105036011731,-15.418994069200037,0.0,0.0,32.44400405883789,348.0,0.00018462265,1
670.3,745.1666666666666,994.0,1179.5,1517.5,2038.25,2332.0,2400.0,2584.0,2585.4285714285716,2388.0,1618.0,5.0,0.0,-9.628907611596668,-15.400633173201268,0.0,0.0,33.510902404785156,293.0,0.014698073,1
658.0,701.0,895.0,905.0,1345.0,1821.0,1973.0,1921.0,2150.0,2270.0,1869.0,1286.0,5.0,0.0,-9.192538646578424,-16.13746197901174,0.0,0.0,32.54570007324219,286.0,0.0052853115,0
379.0,517.0,788.0,671.0,1314.0,2247.0,2634.0,2715.0,2816.0,2980.0,1933.0,1099.0,4.0,0.0,-8.498308393211632,-15.413685864988524,0.0,0.0,36.001827239990234,317.0,0.024564646,0
555.0,566.0,769.0,762.0,1205.0,2038.0,2333.0,2376.0,2651.0,2754.0,2492.0,1621.0,5.0,0.0,-8.332307783163433,-15.060753603060586,0.0,0.0,31.17144775390625,302.0,0.010421896,0
864.7692307692307,733.6153846153846,991.8461538461538,1121.75,1506.5,1632.2857142857142,1821.6666666666667,1578.0,1897.4285714285713,2466.3333333333335,2254.0,1801.0,5.0,0.0,-13.939649105218791,-19.58385137114708,0.0,0.0,33.421390533447266,291.0,0.0358058,0
448.9318181818182,476.72,675.5,667.0,1192.6,1807.625,2029.2857142857142,2127.4285714285716,2249.5714285714284,2243.652777777778,2124.25,1307.25,4.0,0.0,-8.233372787881924,-15.048064521046296,0.0,0.0,40.05686569213867,513.0,0.007884303,0
586.0,688.0,970.0,1003.0,1520.0,2384.0,2685.0,2815.0,3054.0,3044.0,3059.0,1977.0,5.0,0.0,-12.241403910345047,-18.77270466054825,0.0,0.0,42.99092483520508,310.0,0.01666818,0
654.5,844.5,1103.5,1293.5,1660.5,2161.5,2393.0,2530.0,2762.5,2712.0,3302.5,2375.0,5.0,0.0,-10.602840460687265,-18.025422389142133,0.0,0.0,32.17170715332031,322.0,0.032640282,0
612.0,726.0,917.0,1117.0,1486.0,1900.0,2151.0,2230.0,2392.0,2411.0,2621.0,1831.0,5.0,0.0,-10.587822287463428,-16.94267197392781,0.0,0.0,31.886795043945312,312.0,0.02572861,0
317.1666666666667,435.0,697.8636363636364,684.4545454545455,1220.0,1935.5,2200.75,2276.625,2461.777777777778,2502.9375,2290.8333333333335,1298.5,4.0,0.0,-8.16142974212513,-14.643498175255365,0.0,0.0,39.50110626220703,504.0,0.012870019,0
533.5,659.5,903.5,920.5,1373.0,1953.5,2194.5,2259.5,2481.0,2378.5,2775.0,1821.5,5.0,0.0,-12.88093321921475,-19.822325870083887,0.0,0.0,35.73604965209961,268.0,0.024962453,0
421.0,496.0,645.0,625.0,1037.0,1570.0,1760.0,2007.0,2011.0,2147.0,2227.0,1379.0,5.0,0.0,-7.1600458098584765,-14.508022776412519,0.0,0.0,36.89208984375,352.0,0.013262344,0
444.0023923444976,543.9230769230769,735.2857142857143,779.875,1174.8,1884.5714285714287,2125.125,2118.8,2445.6666666666665,2484.3636363636365,2161.6666666666665,1340.25,4.0,0.0,-9.962260519789734,-16.638894737192615,0.0,0.0,30.800724029541016,322.0,0.011505183,0
524.0,676.0,909.0,1119.0,1512.0,2083.0,2357.0,2487.0,2696.0,2614.0,2929.0,1992.0,5.0,0.0,-9.505741169920912,-16.963365536585975,0.0,0.0,33.535011291503906,280.0,0.029871788,0
663.0,821.0,1100.0,1310.0,1622.0,2238.0,2521.0,2556.0,2810.0,2781.0,2996.0,2138.0,5.0,0.0,-9.517010838589595,-17.04457081672991,0.0,0.0,31.71249008178711,298.0,0.027036294,0
389.0,476.0,633.0,601.0,983.0,1766.0,1991.0,2216.0,2208.0,2498.0,2001.0,1221.0,5.0,0.0,-7.430793358929657,-14.372870527770218,0.0,0.0,36.02934646606445,350.0,0.0035176896,0
520.0,562.0,770.0,690.0,1214.0,2138.0,2459.0,2630.0,2728.0,2799.0,2495.0,1560.0,5.0,0.0,-7.9301494254092475,-14.804927955876803,0.0,0.0,38.4803466796875,411.0,0.00021554618,0
675.0,582.5,839.5,630.5,1229.0,2568.0,2884.5,2981.0,2985.0,2887.5,1869.5,1040.5,4.0,0.0,-8.951621605355333,-15.692977791029403,0.0,0.0,35.09701156616211,340.0,0.034110386,0
569.6875,574.85,795.7692307692307,859.125,1247.1,1890.4285714285713,2068.4,2155.0,2341.2,2299.345238095238,2106.833333333333,1449.3333333333333,5.0,0.0,-9.942265893747255,-17.82872283340019,0.0,0.0,39.91556167602539,309.0,0.009005738,0
671.0,708.0,886.5,1022.5,1401.5,2179.5,2718.5,2692.5,2965.5,2928.5,2628.5,1636.5,5.0,0.0,-10.036568458575076,-17.02691551572435,0.0,0.0,31.191814422607422,332.0,0.0082404,0
658.1818181818181,821.0,1103.888888888889,1396.3333333333333,1798.3333333333333,2354.25,2625.875,2899.2,3027.0,2883.818181818182,3464.666666666667,2500.5,5.0,0.0,-10.062946850631514,-17.306034957594992,0.0,0.0,34.06245040893555,305.0,0.031328678,0
599.0,771.0,1007.0,1145.0,1525.0,2202.0,2432.0,2492.0,2691.0,2521.0,2398.0,1684.0,5.0,0.0,-10.53901550790207,-17.679240304110625,0.0,0.0,32.66868591308594,301.0,0.008700101,0
469.0,649.0,979.0,953.0,1518.0,2523.0,2885.0,3083.0,3081.0,3104.0,2331.0,1381.0,4.0,0.0,-9.276904514034621,-15.883845434700259,0.0,0.0,36.91635513305664,352.0,0.015826514,0
435.0,518.5,708.0,796.5,1224.5,1705.0,1963.0,1998.5,2243.0,2349.5,2327.0,1743.0,5.0,0.0,-8.214591528964238,-14.324263715860553,0.0,0.0,43.30152893066406,622.0,0.02205206,0
585.0,780.0,1028.0,1203.0,1616.0,2225.0,2526.0,2526.0,2792.0,2684.0,2792.0,1975.0,5.0,0.0,-10.29274808368546,-16.97341950802233,0.0,0.0,30.847949981689453,304.0,0.020575775,0
682.0,804.0,1037.0,1195.0,1596.0,2178.0,2442.0,2551.0,2695.0,2730.0,2907.0,2050.0,5.0,0.0,-11.65933324618895,-18.749639282520988,0.0,0.0,32.01287078857422,319.0,0.021113463,0
620.5,803.0,934.0,1011.5,1458.5,2566.5,2785.0,2854.0,3004.0,2860.5,2617.5,1797.5,5.0,0.0,-8.58806669825203,-16.033190897525763,0.0,0.0,38.61901092529297,301.0,0.00070491544,0
668.0,727.0,1002.5,1074.5,1571.5,2117.0,2313.0,2430.5,2578.0,2739.5,2524.0,1648.5,5.0,0.0,-9.867023806170787,-17.882116808491876,0.0,0.0,35.901729583740234,323.0,0.014771389,0
440.1041666666667,579.953488372093,817.0555555555555,821.5483870967741,1333.774193548387,1896.3,2137.222222222222,2137.5,2334.8571428571427,2371.3333333333335,2351.181818181818,1715.75,5.0,0.0,-10.723720695157075,-18.104572946714036,0.0,0.0,40.38835144042969,325.0,0.015004404,0
450.5625,475.55555555555554,552.4516129032259,562.1666666666666,940.9230769230769,1844.0666666666666,2214.8,2367.1666666666665,2365.266666666667,2632.5714285714284,1880.25,1043.0,4.0,0.0,-8.129912091986819,-14.826221664486418,0.0,0.0,39.1997184753418,387.0,0.016140994,0
380.0,436.0,609.0,512.0,1020.0,1924.0,2247.0,2282.0,2499.0,2549.0,1890.0,980.0,4.0,0.0,-9.034554111733526,-16.417996305262676,0.0,0.0,33.114925384521484,306.0,0.013977719,0
698.6,573.304347826087,852.0909090909091,796.6470588235294,1312.0,2017.5555555555557,2332.6363636363635,2459.0,2605.1428571428573,2628.7,2465.5,1786.0,5.0,0.0,-8.437716410469886,-15.385564570406572,0.0,0.0,32.23469543457031,339.0,0.0070045018,0
430.0,598.0,799.0,920.0,1315.0,2021.0,2304.0,2615.0,2645.0,2593.0,2393.0,1602.0,5.0,0.0,-9.302185087760817,-16.187671242960665,0.0,0.0,43.16100311279297,327.0,0.0035214357,0
490.0,553.5,736.0,654.5,1082.0,1991.0,2240.5,2369.5,2532.0,2449.5,2071.5,1177.5,4.0,0.0,-8.300373824031194,-15.203097436851348,0.0,0.0,37.43858337402344,380.0,0.0072545535,0
670.0,936.0,1174.0,1440.5,1784.5,2406.5,2696.0,2839.5,2964.0,2999.5,2852.0,2056.5,5.0,0.0,-11.861192041657509,-18.113932250844833,0.0,0.0,36.589996337890625,279.0,0.01367675,0
660.0,996.5,1254.5,1481.5,1873.5,2226.5,2491.5,2631.0,2734.0,2650.5,3418.5,2485.0,5.0,0.0,-11.541663567928673,-19.35458724742925,0.0,0.0,36.07864761352539,361.0,0.030518955,0
1044.5,943.5,1256.5,1425.0,1826.0,2381.5,2583.5,2672.0,2753.0,2921.0,3049.0,2453.5,5.0,0.0,-12.12944775341856,-17.915132402644748,0.0,0.0,38.642822265625,291.0,0.01991879,0
438.95652173913044,447.3181818181818,570.3846153846154,493.14285714285717,918.3333333333334,1834.857142857143,2066.3333333333335,2079.25,2342.0,2506.230769230769,1820.25,1006.2,4.0,0.0,-6.369538620523589,-14.528450931489802,0.0,0.0,39.505088806152344,417.0,0.008784113,0
565.0,659.0,874.0,867.0,1365.0,2177.0,2447.0,2571.0,2721.0,2966.0,2356.0,1526.0,5.0,0.0,-10.330400219188958,-16.43819250266484,0.0,0.0,35.56853103637695,291.0,0.0002203387,0
440.8181818181818,554.3333333333334,739.8,599.5,1147.25,2004.7142857142858,2365.125,2528.8571428571427,2650.6666666666665,2615.4,2185.5,1189.0,4.0,0.0,-8.33287973642295,-15.511048338278584,0.0,0.0,38.58198547363281,478.0,0.010101286,0
561.0,702.5,959.0,1088.5,1596.5,2276.0,2581.5,2855.5,2887.5,2811.0,2939.5,1972.5,5.0,0.0,-10.089673971245531,-16.140224122672258,0.0,0.0,33.38985061645508,288.0,0.0143061755,0
632.0,845.0,1098.0,1263.0,1714.5,2269.5,2526.5,2666.5,2844.0,2750.0,3177.0,2130.5,5.0,0.0,-11.90284468553551,-16.5652642500934,0.0,0.0,35.805397033691406,265.0,0.026026463,0
683.0,755.0,1035.0,1162.0,1618.0,2256.0,2530.0,2575.0,2834.0,2902.0,2787.0,2027.0,5.0,0.0,-11.45573043617104,-18.61905979028353,0.0,0.0,31.773828506469727,299.0,0.017995393,0
548.2307692307693,673.0,921.7222222222222,1243.6666666666667,1632.6,2089.0,2398.3333333333335,2394.5,2581.0,2488.6,3470.0,2498.6666666666665,5.0,0.0,-12.146628921562758,-18.33420545799685,0.0,0.0,32.99604797363281,310.0,0.05429241,0
553.5,734.5,943.0,1060.0,1508.5,2209.5,2449.5,2557.5,2753.0,2743.0,3120.0,2211.5,5.0,0.0,-11.827231720797261,-17.34099148287803,0.0,0.0,37.814571380615234,421.0,0.024196792,0
654.5,852.0,1066.5,1281.5,1699.5,2191.5,2429.0,2518.0,2723.0,2702.0,3134.5,2140.0,5.0,0.0,-11.29443054412512,-18.102498735222184,0.0,0.0,31.211105346679688,330.0,0.029597212,0
641.0,698.0,931.0,1048.0,1431.0,2000.0,2249.0,2370.0,2497.0,2625.0,2629.0,1825.0,5.0,0.0,-10.145476909496217,-17.45777390463989,0.0,0.0,31.88928985595703,315.0,0.0195285,0
536.0,693.5,926.5,801.5,1423.0,2499.5,2839.0,2929.0,3154.0,3023.5,2294.5,1388.0,5.0,0.0,-11.306760219836391,-17.686163600052375,0.0,0.0,36.441795349121094,285.0,0.014972066,0
643.0,762.0,1003.0,1106.5,1587.5,2370.5,2665.0,2844.5,2968.0,2961.0,2368.0,1554.0,5.0,0.0,-10.903954178997598,-17.45931575446382,0.0,0.0,37.503074645996094,289.0,0.0041248337,0
673.75,801.25,1081.75,1324.5,1737.4285714285713,2100.714285714286,2282.1666666666665,2431.517857142857,2555.791666666667,2722.5454545454545,2899.6,2105.0,5.0,0.0,-10.274319272927086,-18.200973935362814,0.0,0.0,33.476905822753906,284.0,0.030271411,0
450.4117647058824,572.2727272727273,793.6153846153846,734.6923076923077,1190.55,2338.8888888888887,2647.75,2659.25,2909.5,2892.909090909091,2239.4666666666667,1402.875,5.0,0.0,-8.906517522759529,-15.458989193120981,0.0,0.0,39.28508758544922,331.0,0.008499356,0
997.0,1038.5,1369.5,1539.0,2011.5,2727.0,2987.0,2980.5,3107.0,3007.5,2898.0,2216.0,5.0,0.0,-10.238173020404558,-16.616834928409933,0.0,0.0,38.51576614379883,288.0,0.009580145,0
436.22222222222223,542.3285714285714,751.2727272727273,852.6,1267.6666666666667,1998.6,2227.75,2339.916666666667,2504.25,2437.8142857142857,2216.0,1457.75,5.0,0.0,-9.544336449469725,-16.3650219907174,0.0,0.0,40.55723190307617,346.0,0.007483957,0
635.0,718.5,882.5,1081.0,1425.5,1955.5,2204.0,2352.5,2488.0,2529.0,3010.0,2180.5,5.0,0.0,-11.585462809517692,-18.28336554922454,0.0,0.0,31.819015502929688,314.0,0.029578436,0
513.0,687.0,915.0,949.0,1508.0,2294.0,2538.0,2637.0,2867.0,2777.0,2374.0,1457.0,5.0,0.0,-11.393748558819263,-18.108520378780682,0.0,0.0,33.31254959106445,290.0,3.3861405e-05,0
701.7142857142857,841.8888888888889,1092.5833333333333,1191.8333333333333,1587.6,2139.0,2396.25,2517.6666666666665,2578.2,2623.8333333333335,2113.0,1348.0,5.0,0.0,-11.309047714350765,-18.933599512922015,0.0,0.0,33.065208435058594,283.0,0.0018221044,0
545.95,622.0,883.5555555555555,918.6666666666667,1242.6666666666667,1899.0,2055.25,2052.6666666666665,2214.5,2425.833333333333,1931.5,1443.25,5.0,0.0,-8.693087547115207,-16.191126434310718,0.0,0.0,32.318504333496094,284.0,0.006278829,0
539.0,662.0,831.0,842.0,1299.0,1881.0,2170.0,2295.0,2463.0,2602.0,2841.0,2025.0,4.0,0.0,-10.858680441470446,-15.899057940415211,0.0,0.0,35.845184326171875,324.0,0.019510519,0
441.0,544.5,730.5,864.5,1271.5,1907.0,2136.5,2271.0,2492.0,2608.5,2497.5,1659.5,5.0,0.0,-1.1451933966129644,-7.7045165876009,0.0,0.0,34.629390716552734,361.0,0.021138432,0
435.14285714285717,604.5714285714286,748.8888888888889,911.0,1259.25,1739.4615384615386,1970.5333333333333,2070.25,2225.0,2186.375,2328.6666666666665,1546.6666666666667,5.0,0.0,-9.23327551299254,-16.245957032410747,0.0,0.0,39.70148468017578,584.0,0.021666754,0
442.90625,437.0204081632653,677.0625,865.5555555555555,1188.5454545454545,1510.0,1688.142857142857,1720.0824175824177,1885.5714285714287,1977.375,2478.125,1806.375,5.0,0.0,-10.136683705157413,-18.039318081518754,0.0,0.0,39.81645202636719,514.0,0.058611155,0
555.5,671.5,898.5,1039.0,1461.5,2064.0,2334.0,2442.5,2551.5,2547.5,2589.5,1736.0,5.0,0.0,-10.920462866342408,-17.362937661449333,0.0,0.0,33.498146057128906,276.0,0.017611654,0
656.0,857.0,1140.0,1333.0,1759.0,2317.0,2580.0,2638.0,2880.0,2835.0,3001.0,2163.0,5.0,0.0,-10.21466890200028,-17.511963408390375,0.0,0.0,35.626949310302734,299.0,0.02312674,0
617.0,922.0,1235.0,1556.0,1945.0,2476.0,2809.0,2965.0,3170.0,2845.0,3715.0,2710.0,5.0,0.0,-11.28983802605134,-18.730291629102034,0.0,0.0,34.40110397338867,265.0,0.034962595,0
581.5,689.5,901.0,1009.0,1442.5,2134.0,2408.5,2574.5,2737.5,2858.5,2756.0,1824.5,5.0,0.0,-10.579350089759497,-17.149785374653195,0.0,0.0,33.808685302734375,270.0,0.015755655,0
419.5,550.5,783.0,896.5,1453.5,2158.0,2487.0,2442.5,2725.0,2765.0,2481.5,1619.0,5.0,0.0,-4.980859928379326,-12.139137607173652,0.0,0.0,34.764068603515625,329.0,0.015083897,0
613.0,750.5,1036.5,1175.5,1583.5,2345.5,2676.0,2750.0,2924.0,2926.5,2823.0,2210.5,5.0,0.0,-10.625405214162807,-16.704429757697405,0.0,0.0,35.04829025268555,336.0,0.013283677,0
633.0,770.0,1022.0,1209.0,1557.5,2200.5,2515.0,2624.5,2789.5,2847.0,2401.5,1497.0,5.0,0.0,-11.650131409687143,-17.537497147984404,0.0,0.0,37.400657653808594,304.0,0.007766798,0
452.4,652.2222222222222,945.0555555555555,1085.4666666666667,1468.8620689655172,2239.5789473684213,2525.75,2612.4761904761904,2745.6349206349205,2876.909090909091,2739.3333333333335,1882.5,5.0,0.0,-9.54765876542734,-17.642151999565595,0.0,0.0,40.449764251708984,344.0,0.019132959,0
383.5,497.0,681.0,601.0,1178.0,2004.5,2297.5,2522.5,2595.5,2613.5,1986.0,1130.5,4.0,0.0,-8.098638233077285,-14.86632145652592,0.0,0.0,36.250633239746094,343.0,0.016387817,0
678.5,817.0,1095.0,1216.0,1691.0,2492.5,2769.0,2822.0,2968.5,2942.5,2705.5,1906.0,5.0,0.0,-10.065546440717231,-16.899460062214807,0.0,0.0,38.246646881103516,284.0,0.007894127,0
414.42857142857144,470.0,609.875,556.25,984.6666666666666,1819.0,2149.6,2199.472222222222,2398.6666666666665,2520.6666666666665,1962.0,1015.4,4.0,0.0,-8.039682852604649,-14.780657047350125,0.0,0.0,36.617286682128906,357.0,0.006666114,0
472.0,618.0,825.0,904.0,1353.0,2044.5,2309.5,2551.5,2616.0,2633.5,2460.5,1586.0,5.0,0.0,-9.24220750769787,-15.605539890366913,0.0,0.0,30.835350036621094,351.0,0.006772603,0
445.0,523.5,632.0,425.5,421.0,261.5,265.5,225.5,206.5,154.5,128.0,110.5,6.0,0.0,-23.009394139291636,-31.08089779447385,0.0,0.0,38.70560836791992,483.0,0.014131871,0
481.8333333333333,552.4736842105264,798.0714285714286,673.4285714285714,1244.5333333333333,2316.5,2607.4285714285716,2686.15,2865.0,2763.785714285714,2001.0,1171.0,4.0,0.0,-9.970352880626086,-16.89816523857122,0.0,0.0,40.010345458984375,313.0,0.019874103,0
658.5,849.5,1093.0,1112.0,1704.5,2407.5,2719.5,2850.0,2949.5,3051.0,2448.0,1472.0,5.0,0.0,-10.696268884051463,-18.361470784249224,0.0,0.0,37.61686325073242,298.0,0.0041832374,0
710.5,821.0,1081.0,1167.0,1668.0,2425.0,2804.0,2891.5,3096.0,3021.5,2431.5,1469.0,5.0,0.0,-11.371422788834426,-19.496916594536458,0.0,0.0,37.43453598022461,290.0,0.0036686666,0
718.5,921.5,1294.5,1601.0,2008.5,2588.0,2818.5,2947.0,3085.0,3283.0,3512.0,2674.0,5.0,0.0,-14.43517072688624,-21.760129909852747,0.0,0.0,33.59733581542969,277.0,0.031618055,0
614.0,726.5,924.5,1010.0,1460.5,2218.0,2512.5,2627.0,2883.5,2687.0,3079.0,2074.0,5.0,0.0,-10.73533556249205,-17.160761896229467,0.0,0.0,35.05512237548828,335.0,0.020396259,0
768.0,946.0,1256.0,1504.0,1877.0,2276.0,2470.0,2504.0,2688.0,2782.0,3332.0,2655.0,5.0,0.0,-12.546751956206656,-19.422800498252514,0.0,0.0,32.095481872558594,303.0,0.033374555,0
324.0,373.0,514.0,448.5,832.5,1583.5,1884.0,1968.0,2068.5,2224.0,1541.0,823.0,4.0,0.0,-7.6954348281510985,-13.706429729622247,0.0,0.0,33.1409912109375,345.0,0.018274423,0
387.5,391.5,403.5,296.5,297.5,193.5,183.5,168.5,178.0,212.5,143.5,117.5,6.0,0.0,-22.734431428441198,-31.417474292524766,0.0,0.0,36.5570182800293,341.0,0.011099111,0
576.0,670.0,869.0,1025.0,1509.0,2065.0,2331.0,2303.0,2701.0,2790.0,2741.0,2012.0,5.0,0.0,-9.034641089300983,-15.86406456414728,0.0,0.0,31.79529571533203,298.0,0.024524936,0
327.987012987013,442.60869565217394,571.3373493975904,472.68,930.0,1630.625,1889.4666666666667,2001.4166666666667,2144.4545454545455,2233.625,1802.7692307692307,1012.5,4.0,0.0,-7.376250935563412,-14.928738733769602,0.0,0.0,39.22104263305664,467.0,0.006791958,0
569.0493827160494,702.4920634920635,921.1052631578947,927.8,1510.3684210526317,2401.0,2650.1111111111113,2713.4285714285716,2918.75,2881.060606060606,2507.5555555555557,1778.5454545454545,5.0,0.0,-10.655553786524754,-17.553372732520984,0.0,0.0,40.709102630615234,341.0,0.00052822434,0
543.7272727272727,673.2857142857143,926.4545454545455,1173.8333333333333,1565.75,2301.75,2538.5,2596.0,2826.666666666667,2693.0833333333335,3367.0,2471.0,5.0,0.0,-10.179215350840984,-17.357378752214526,0.0,0.0,40.171424865722656,444.0,0.03867698,0
328.40625,437.74074074074076,570.625,440.95,1050.5714285714287,1925.6666666666667,2353.5,2468.3333333333335,2600.4,2763.285714285714,1845.5,850.0,4.0,0.0,-7.1376571820717665,-14.307149468377167,0.0,0.0,32.61375427246094,399.0,0.0260986,0
583.0,753.0,1000.0,1204.0,1567.0,2091.0,2351.0,2482.0,2698.0,2575.0,3142.0,2223.0,5.0,0.0,-11.009013589392012,-16.948913962609787,0.0,0.0,35.70033264160156,290.0,0.033119652,0
540.0,603.2222222222222,808.6153846153846,736.4,1317.4545454545455,2413.2,2731.0,2853.0,2976.75,3150.0,2482.3333333333335,1419.5,4.0,0.0,-2.994701162377243,-10.287663404147958,0.0,0.0,39.00093078613281,391.0,0.0075954907,0
650.5,810.0,1054.5,1214.0,1684.0,2329.5,2662.5,2723.5,2923.0,3043.5,2792.5,1967.5,5.0,0.0,-10.851665738665886,-16.810919139552244,0.0,0.0,35.11073303222656,273.0,0.013344487,0
603.0,735.3,998.0,1100.0,1421.6666666666667,1965.25,2156.5,2220.0,2352.0,2380.0,2190.3333333333335,1672.5,5.0,0.0,-9.17924455244315,-16.090286709931682,0.0,0.0,38.9477424621582,294.0,0.010509537,0
609.0,736.5,954.0,967.8333333333334,1485.5,2228.0,2484.0,2544.0,2727.5,2500.8,2766.4,1907.25,5.0,0.0,-10.974696561500465,-17.887237795696105,0.0,0.0,33.15492248535156,284.0,0.012328906,0
392.0,475.0,638.0,646.5,1063.5,1840.5,2124.0,2257.5,2383.5,2469.0,1932.5,1089.5,5.0,0.0,-7.6582687003012815,-14.069360294262534,0.0,0.0,36.03429412841797,332.0,0.006976834,0
658.5,866.5,1129.5,1343.5,1823.5,2598.5,2853.5,2947.0,3276.0,3043.0,3295.0,2333.5,5.0,0.0,-9.34279603643484,-16.26273775164673,0.0,0.0,37.01308822631836,378.0,0.021370329,0
453.7692307692308,453.72,703.0,612.5,1043.857142857143,2023.0,2357.666666666667,2430.190476190476,2655.3333333333335,2636.5,2163.5,1424.0,4.0,0.0,-8.016276501124702,-15.434209826540394,0.0,0.0,37.83106994628906,425.0,0.003910379,0
652.0,821.0,1111.0,1380.0,1761.0,2250.0,2494.0,2608.0,2754.0,2800.0,3309.0,2420.0,5.0,0.0,-9.902783548220436,-18.168924199308695,0.0,0.0,33.78142547607422,289.0,0.035672933,0
399.0,483.0,583.0,538.0,947.0,1855.0,2168.0,2330.0,2391.0,2581.0,1849.0,1058.0,4.0,0.0,-9.020853247561847,-15.754295887742614,0.0,0.0,36.897918701171875,391.0,0.015947502,0
580.8260869565217,668.5384615384615,801.0,859.8333333333334,1306.8,1882.8333333333333,2079.125,2186.3,2321.0,2346.3333333333335,2256.5,1554.4,5.0,0.0,-7.666165957255852,-15.437119282850398,0.0,0.0,39.60714340209961,307.0,0.008176436,0
451.72222222222223,442.5483870967742,695.5217391304348,702.625,1225.952380952381,1817.0,2010.7142857142858,2142.2916666666665,2214.5263157894738,2255.24,2101.3333333333335,1268.0,4.0,0.0,-7.026546616560671,-14.760534392138233,0.0,0.0,39.72074508666992,520.0,0.010698551,0
502.0,632.0,879.0,850.0,1482.0,2385.0,2749.0,2783.0,3072.0,3196.0,2252.0,1402.0,4.0,0.0,-9.990878569055628,-16.436202330845553,0.0,0.0,43.23902130126953,441.0,0.010375734,0
615.0,657.0,902.0,1003.0,1436.0,2190.0,2461.0,2496.0,2675.0,2661.0,2575.0,1752.0,5.0,0.0,-10.475302487225498,-16.86264677586488,0.0,0.0,30.8118896484375,304.0,0.014167329,0
605.9230769230769,736.5,994.6666666666666,1117.375,1585.3333333333333,2131.0,2363.0,2451.1428571428573,2640.6,2609.0833333333335,2887.0,2034.75,5.0,0.0,-11.417023046253384,-18.190593483322402,0.0,0.0,33.10411834716797,283.0,0.024445048,0
498.0,542.0,709.0,709.0,1177.0,2169.0,2457.0,2578.0,2717.0,2693.0,2278.0,1460.0,5.0,0.0,-9.78979930749615,-15.75622576538126,0.0,0.0,38.07473373413086,404.0,0.004444998,0
621.0,668.0,858.0,1064.0,1412.0,1877.0,2107.0,2027.0,2239.0,2673.0,2497.0,1997.0,5.0,0.0,-10.126003052413958,-15.370741278900624,0.0,0.0,42.8983039855957,317.0,0.027569365,0
591.1666666666666,657.6,881.0,845.0,1330.9666666666667,2194.5714285714284,2483.25,2537.285714285714,2699.0,2649.4,2411.5,1649.6666666666667,5.0,0.0,-10.10158234947292,-17.32309361424409,0.0,0.0,32.34943771362305,282.0,0.001793966,0
544.1304347826087,604.2692307692307,797.9444444444445,864.75,1313.225806451613,1964.3,2219.722222222222,2376.785714285714,2544.1428571428573,2531.8571428571427,2451.6666666666665,1599.125,5.0,0.0,-9.206173562966589,-15.606934457325451,0.0,0.0,33.07358169555664,291.0,0.0116838645,0
556.0,806.0,1107.0,1130.0,1632.0,2356.0,2616.0,2803.0,2888.0,2998.0,2675.0,1900.0,5.0,0.0,-10.261422536554143,-16.27276544948735,0.0,0.0,35.77519607543945,274.0,0.0052181566,0
916.5,1106.0,1473.5,1670.0,2001.0,2302.0,2368.0,2578.0,2533.5,2576.0,2696.0,2118.0,5.0,0.0,-6.923404965683188,-19.696132611691283,0.0,0.0,37.80649185180664,317.0,0.01628335,0
595.1111111111111,794.7692307692307,1097.2857142857142,1423.6666666666667,1778.75,2245.6666666666665,2462.333333333333,2512.2,2759.666666666667,2679.0,3742.5,2957.0,5.0,0.0,-11.827517571909574,-18.729130843780005,0.0,0.0,40.12238311767578,455.0,0.049746104,0
622.0,794.0,1072.0,1218.0,1699.0,2236.0,2497.0,2567.0,2782.0,2770.0,3034.0,2118.0,5.0,0.0,-10.236481179522917,-17.789462310309787,0.0,0.0,30.80990219116211,304.0,0.025718063,0
514.0,590.0,777.5,919.5,1366.5,2127.5,2477.0,2559.0,2714.0,2786.0,2468.0,1563.5,4.5,0.0,-9.715227804620838,-16.481083477231252,0.0,0.0,36.20421600341797,370.0,0.008976149,0
601.0,763.5,1057.0,1091.0,1517.5,2293.0,2619.5,2746.0,2843.0,3088.5,2514.0,1896.5,5.0,0.0,-9.755023321427549,-16.53552668852569,0.0,0.0,38.57236862182617,317.0,0.0025426531,0
515.0,523.0,551.0,393.0,378.0,313.0,306.0,270.0,274.0,314.0,163.0,115.0,6.0,0.0,-20.823986359110535,-29.646881715709696,0.0,0.0,37.438297271728516,314.0,0.018711863,0
700.0,806.0,1033.0,1365.0,1716.0,2082.0,2359.0,2501.0,2573.0,2747.0,3668.0,2700.0,5.0,0.0,-11.007327631662804,-18.37955708289218,0.0,0.0,34.279476165771484,269.0,0.04761436,0
568.875,577.44,843.1304347826087,822.5263157894736,1351.0555555555557,2199.3333333333335,2471.6666666666665,2605.5,2713.8571428571427,2656.4285714285716,2707.0,1782.5,5.0,0.0,-9.152219263663685,-15.781618841058162,0.0,0.0,38.9677619934082,397.0,0.011169433,0
591.0,668.0,923.0,1021.0,1504.0,2223.0,2538.0,2701.0,2959.0,2996.0,3391.0,2313.0,5.0,0.0,-10.735881648209157,-17.75285360422958,0.0,0.0,31.16448211669922,296.0,0.030036569,0
606.8,728.7142857142857,923.6923076923077,1135.0,1499.0,2125.6666666666665,2341.0,2712.5,2669.3333333333335,2754.2,2608.5,1777.6666666666667,5.0,0.0,-11.867108061214047,-18.46633298971178,0.0,0.0,32.877227783203125,293.0,0.009615838,0
338.0,352.0,419.0,332.0,363.0,303.0,290.0,246.0,248.0,333.0,215.0,157.0,7.0,0.0,-23.488259026733548,-29.090848747270677,0.0,0.0,36.067073822021484,297.0,0.00575306,0
684.75,911.9230769230769,1164.111111111111,1449.3333333333333,1884.1666666666665,2425.4,2704.25,2829.5,3125.5,3009.75,3671.0,2742.6666666666665,5.0,0.0,-10.708905934442981,-19.52671787349189,0.0,0.0,34.093841552734375,295.0,0.03310073,0
578.5,657.0,871.0,860.0,1334.0,2088.5,2339.5,2457.0,2604.0,2640.5,2240.5,1428.0,5.0,0.0,-11.242898548260747,-17.074921943395456,0.0,0.0,34.71453094482422,331.0,0.00044614635,0
687.5,774.0,1077.0,1033.0,1520.5,2189.5,2388.0,2490.0,2746.5,2829.5,2363.0,1516.5,5.0,0.0,-9.7565034736723,-18.171155352867842,0.0,0.0,33.973785400390625,308.0,0.004121738,0
445.34615384615387,563.0,740.15,804.0,1246.7692307692307,1945.7142857142858,2141.0,2299.4166666666665,2388.4444444444443,2481.4285714285716,2135.166666666667,1455.7916666666665,5.0,0.0,-8.83580623767305,-15.908433133097365,0.0,0.0,39.878299713134766,319.0,0.0027708444,0
527.0,647.0,867.0,1002.0,1389.0,2006.0,2270.0,2350.0,2502.0,2545.0,2238.0,1446.0,5.0,0.0,-11.456875569900678,-17.51192463553681,0.0,0.0,36.187347412109375,291.0,0.009338685,0
481.85,611.0833333333334,826.5,917.0,1262.6470588235295,1760.2083333333335,1931.2857142857142,1968.6666666666667,2156.0,2230.6923076923076,2032.0,1391.0,5.0,0.0,-10.548143820267462,-17.660805363230242,0.0,0.0,40.2098388671875,325.0,0.014640605,0
573.3809523809524,548.0,672.1818181818181,668.7142857142857,1087.2291666666665,1883.8,2141.0,2339.8333333333335,2432.5,2354.166666666667,2065.0,1225.5,5.0,0.0,-8.824979746512827,-15.771801459380487,0.0,0.0,35.73607635498047,339.0,0.005637244,0
518.4480519480519,481.0,644.1642857142857,665.0,991.1818181818181,1826.5714285714287,2137.6666666666665,2280.4,2365.375,2510.0,2126.5,1401.25,5.0,0.0,-8.544192406839114,-14.910732662470092,0.0,0.0,37.560829162597656,397.0,0.0011372983,0
539.3846153846154,604.9090909090909,793.25,849.25,1332.0,1940.0,2172.166666666667,2260.1666666666665,2389.2,2621.0,2292.75,1458.0,5.0,0.0,-9.155377192294047,-15.335572852238224,0.0,0.0,39.219852447509766,408.0,0.010177525,0
442.1111111111111,535.7,739.25,802.0,1304.857142857143,2222.0,2548.0,2675.0,2922.666666666667,3159.4285714285716,2767.8,1832.5,5.0,0.0,-9.773196566176669,-17.307185325882138,0.0,0.0,39.63493347167969,322.0,0.011975599,0
582.0,640.0,818.0,822.5,1322.0,2088.5,2363.0,2511.5,2679.5,2754.5,2629.0,1683.5,5.0,0.0,-9.139861557370168,-15.942108207735721,0.0,0.0,34.654781341552734,324.0,0.009118289,0
759.6666666666666,630.3333333333334,858.0,886.6666666666666,1383.8,2396.5,2740.5,2883.5,3078.0,2830.0,2482.0,1605.0,5.0,0.0,-11.416152032985412,-16.435235709965543,0.0,0.0,38.84848403930664,314.0,0.0045881444,0
591.7142857142857,749.6,1013.5,1100.0,1401.0,2307.541666666667,2769.5,2803.0,3032.25,2777.0,2275.5,1786.75,5.0,0.0,-11.298572791289969,-18.131904724742412,0.0,0.0,30.78472900390625,314.0,0.004777281,0
518.5,671.5,884.0,940.0,1441.5,2149.0,2461.0,2501.5,2684.0,2607.5,2231.0,1314.0,5.0,0.0,-8.644677193078989,-16.85898831741394,0.0,0.0,34.11406707763672,281.0,7.492951e-05,0
593.0,722.0,957.0,1207.0,1603.0,2052.0,2352.0,2569.0,2704.0,2522.0,3584.0,2495.0,5.0,0.0,-12.513393356932387,-18.5228134905853,0.0,0.0,37.188316345214844,376.0,0.044569723,0
645.0,752.0,994.0,1056.0,1580.0,2134.0,2364.0,2473.0,2681.0,2755.0,2754.0,1934.0,5.0,0.0,-12.057303018492618,-17.676588931283675,0.0,0.0,34.299400329589844,272.0,0.016628202,0
446.3763440860215,569.4857142857143,800.1212121212121,731.8928571428571,1316.787234042553,2589.6363636363635,3023.909090909091,3169.0,3312.25,3170.222222222222,2386.0,1416.8333333333333,4.0,0.0,-9.66934560132048,-16.826365297456924,0.0,0.0,40.73395919799805,359.0,0.019589726,0
323.0,417.0,553.0,491.0,818.0,1605.0,2009.0,2198.0,2204.0,2232.0,1666.0,934.0,4.0,0.0,-7.201334748312509,-14.215021008200173,0.0,0.0,43.37583923339844,625.0,0.02015759,0
517.5,571.5,776.0,704.5,1257.5,2093.0,2366.0,2530.0,2633.5,2536.0,2086.0,1288.0,4.5,0.0,-9.69276270300147,-14.775992367292032,0.0,0.0,35.68093490600586,312.0,0.010538064,0
668.0,815.0,1041.0,1186.0,1569.0,2089.0,2303.0,2454.0,2575.0,2446.0,2849.0,2026.0,5.0,0.0,-10.107091418640506,-17.235506184504203,0.0,0.0,32.12686538696289,301.0,0.021460908,0
355.6,432.2857142857143,597.0,522.3333333333334,930.4333333333334,1714.6666666666667,1942.0,2054.285714285714,2233.666666666667,2208.125,1858.875,1071.5,4.0,0.0,-8.440912535824443,-14.622109295610723,0.0,0.0,40.27671432495117,469.0,0.0045372453,0
470.54545454545456,496.0,650.6666666666666,595.6,1087.25,1918.5,2138.666666666667,2293.0,2407.0,2571.0,1909.5,1049.5,4.0,0.0,-8.106448791486123,-14.733420473856306,0.0,0.0,35.750614166259766,316.0,0.011716106,0
542.0,723.0,966.0,1117.0,1613.0,2266.0,2533.0,2714.0,2902.0,2697.0,2867.0,1886.0,5.0,0.0,-10.12972870887597,-16.393066876114204,0.0,0.0,35.400569915771484,287.0,0.017311145,0
614.0,569.0,797.0,741.0,1265.0,2373.0,2620.0,2749.0,2819.0,2789.0,2229.0,1422.0,4.0,0.0,-7.93662256401406,-13.704427068241875,0.0,0.0,43.40242004394531,308.0,0.011297521,0
659.0,803.0,1122.5,1298.0,1715.0,2397.0,2678.0,2765.0,2988.0,2857.0,3016.0,2223.5,5.0,0.0,-11.12237685400699,-17.68287053409881,0.0,0.0,34.84345626831055,342.0,0.0207518,0
487.0,541.0,672.0,658.0,828.0,974.0,1084.0,970.0,1163.0,2276.0,1385.0,943.0,5.0,0.0,-12.216961937307602,-18.31707007283691,0.0,0.0,35.68955993652344,305.0,0.02673997,0
649.5,711.5,966.0,1085.0,1575.5,2383.5,2746.0,2732.0,3002.0,2754.0,2488.0,1617.5,5.0,0.0,-11.328881311219343,-17.377850994964568,0.0,0.0,37.80940628051758,307.0,0.004329225,0
672.5,840.5,1125.0,1320.5,1781.0,2474.0,2767.0,2855.5,3071.5,3117.0,2544.5,1638.0,5.0,0.0,-11.20759327248261,-19.194612539594164,0.0,0.0,36.99309539794922,286.0,0.0054550245,0
459.5,499.0,634.5,579.0,990.0,1981.0,2291.5,2437.0,2659.5,2656.5,1837.5,1005.5,4.0,0.0,-8.927795947920615,-14.683773303734075,0.0,0.0,35.152713775634766,329.0,0.020580322,0
581.5,786.5,1058.5,1428.5,1895.5,2618.0,2927.0,3097.5,3297.0,2953.0,3729.0,2683.5,5.0,0.0,-13.157333823343954,-19.732192010361047,0.0,0.0,35.85441589355469,272.0,0.03554928,0
450.0568181818182,544.6052631578947,734.6538461538462,734.0370370370371,1246.9375,2205.52,2527.5384615384614,2658.913043478261,2769.5,2877.871794871795,2256.0666666666666,1422.3,5.0,0.0,-7.767160471891767,-17.392814384788657,0.0,0.0,40.75481033325195,357.0,0.007366753,0
668.0,816.0,1042.0,1217.0,1689.0,2189.0,2458.0,2493.0,2697.0,2790.0,2884.0,2051.0,5.0,0.0,-11.439253289895323,-17.79862662668752,0.0,0.0,31.684680938720703,290.0,0.02241491,0
496.0,475.0,651.5,555.0,1087.0,2116.0,2496.5,2740.0,2747.5,2560.0,1754.5,979.0,4.0,0.0,-8.529573456716921,-14.664690786034091,0.0,0.0,31.06751251220703,344.0,0.034321442,0
448.38461538461536,570.3414634146342,702.5121951219512,838.0357142857143,1208.275,1987.4583333333333,2239.7272727272725,2415.833333333333,2590.2727272727275,2740.6666666666665,2412.625,1482.3333333333333,5.0,0.0,-7.823984301880441,-14.298004703767246,0.0,0.0,39.34835433959961,427.0,0.010141674,0
603.9230769230769,805.5714285714286,1001.1428571428571,1207.0,1681.0,2307.666666666667,2546.0,2724.375,2897.75,2772.6,3173.0,2170.25,5.0,0.0,-11.041357655093567,-17.081235879241717,0.0,0.0,34.939361572265625,333.0,0.02354162,0
436.35897435897436,574.0,728.2727272727273,849.75,1184.0689655172414,1898.3333333333333,2090.0,2216.2,2333.1666666666665,2406.4,2061.8571428571427,1434.6666666666667,5.0,0.0,-10.035572435355629,-16.942828578883343,0.0,0.0,39.83290481567383,544.0,0.0045302156,0
565.0,753.0,990.0,1160.0,1549.0,2067.0,2316.0,2429.0,2626.0,2630.0,2926.0,2056.0,5.0,0.0,-10.184239935823932,-18.18719859074339,0.0,0.0,33.30854034423828,294.0,0.027268907,0
462.5,468.5,594.0,487.0,902.0,1791.0,2126.5,2175.5,2397.0,2473.5,1905.0,1045.0,4.0,0.0,-7.475385679675268,-14.61698822835028,0.0,0.0,38.13936233520508,448.0,0.009482281,0
740.625,860.2857142857143,1117.75,1261.125,1626.6153846153845,2302.142857142857,2526.775,2640.8571428571427,2720.416666666667,2750.3333333333335,2748.0,2265.666666666667,5.0,0.0,-5.721872471084492,-16.036866276048308,0.0,0.0,33.756004333496094,297.0,0.0120262215,0
404.5,473.27272727272725,668.0833333333334,600.8,1052.1666666666667,1876.0,2206.0,2287.8,2457.0,2479.3333333333335,1933.2,1029.0,4.0,0.0,-8.036412124002293,-14.977654322475136,0.0,0.0,32.59319305419922,359.0,0.0102275815,0
503.5,541.0,704.5,747.5,1201.0,1932.0,2204.0,2353.0,2505.5,2611.5,2341.5,1570.5,4.5,0.0,-7.879742618426333,-14.974755514106327,0.0,0.0,31.921619415283203,344.0,0.0067140693,0
440.5357142857143,599.3529411764706,863.5,920.5555555555555,1439.3333333333333,2278.4444444444443,2651.818181818182,2723.0,2911.9,2629.4210526315787,2224.5,1420.1666666666667,5.0,0.0,-9.607681910520526,-15.658023484676914,0.0,0.0,39.84397888183594,538.0,0.0065952674,0
643.0,745.0,922.0,942.0,1374.0,2304.0,2628.0,2815.0,2924.0,2903.0,2187.0,1402.0,5.0,0.0,-11.625653662463549,-17.85399836310349,0.0,0.0,30.756202697753906,297.0,0.012709004,0
659.5,777.5,1021.5,1135.5,1637.0,2373.5,2687.0,2947.0,2962.5,2962.0,2447.5,1529.0,5.0,0.0,-11.202225419495548,-19.49218003374014,0.0,0.0,38.08183288574219,293.0,0.004526782,0
478.0967741935484,541.96875,795.5588235294117,728.2,1309.2,2142.7391304347825,2413.5833333333335,2579.625,2702.2,2656.4074074074074,2225.6666666666665,1299.0,5.0,0.0,-8.82253541102995,-15.161503964757667,0.0,0.0,40.630035400390625,475.0,0.006355524,0
571.5,679.0,822.0,946.0,1318.0,1796.5,2028.0,2133.0,2320.5,2233.5,2844.0,1856.0,5.0,0.0,-10.999674165927331,-18.09821773030794,0.0,0.0,35.06148910522461,341.0,0.03162542,0
396.0,513.0,646.0,606.0,998.0,1818.0,2119.0,2260.0,2368.0,2481.0,2036.0,1088.0,4.0,0.0,-7.28846978684932,-14.414496481513124,0.0,0.0,36.840972900390625,372.0,0.005347823,0
693.4761904761905,694.8235294117648,945.8823529411765,1097.6,1449.2857142857142,1902.8333333333333,2206.3333333333335,2142.4,2285.3333333333335,2448.0,2121.3333333333335,1511.0833333333335,5.0,0.0,-9.949546545321374,-17.79677331125021,0.0,0.0,31.6909236907959,287.0,0.0139773935,0
676.0,822.0,1034.0,1303.0,1662.0,2101.0,2455.0,2514.0,2587.0,2848.0,2751.0,2047.0,5.0,0.0,-11.572890655889573,-19.04769305251292,0.0,0.0,31.832778930664062,311.0,0.020697854,0
687.0,805.0,1058.0,1074.0,1589.0,2395.0,2534.5,2742.5,2799.5,2878.0,2264.0,1493.5,5.0,0.0,-10.901936915285585,-18.923862348319304,0.0,0.0,37.13972854614258,287.0,0.0061535845,0
321.1034482758621,436.1111111111111,568.7368421052631,440.23809523809524,973.0,2143.8333333333335,2593.5,2772.25,2877.6666666666665,2896.6,1757.0,844.5,4.0,0.0,-8.57916700605729,-15.896399378466072,0.0,0.0,43.40636444091797,696.0,0.03928464,0
604.0,788.0,1017.0,1205.0,1633.0,2170.0,2429.0,2629.0,2759.0,2511.0,3142.0,2194.0,5.0,0.0,-10.579474327895433,-17.271023963541975,0.0,0.0,37.670616149902344,331.0,0.02623178,0
422.0,491.0,754.0,613.0,1210.0,2160.0,2455.0,2564.0,2738.0,2654.0,2016.0,1047.0,4.0,0.0,-7.0129901194015485,-13.655858034488881,0.0,0.0,35.149688720703125,321.0,0.018016828,0
647.0,727.0,1011.5,1140.5,1616.0,2408.5,2657.0,2877.0,3000.0,2979.0,2479.5,1598.0,5.0,0.0,-10.468478131726737,-17.496836372591765,0.0,0.0,37.85901641845703,299.0,0.0005391262,0
659.0,833.0,1071.5,1350.0,1748.0,2235.5,2503.5,2597.0,2808.5,2763.0,3225.5,2229.0,5.0,0.0,-9.220063137348152,-15.52369446793897,0.0,0.0,43.08314895629883,315.0,0.033556946,0
439.4375,478.57894736842104,605.0434782608696,540.7142857142857,1119.076923076923,1818.4444444444443,2068.777777777778,2160.6666666666665,2352.1428571428573,2242.3684210526317,2001.25,1172.2,4.0,0.0,-6.814064419799932,-14.363426503857074,0.0,0.0,39.339603424072266,540.0,0.0036216944,0
559.25,734.2608695652174,992.4117647058823,1083.92,1597.3,2090.037037037037,2371.5833333333335,2491.8333333333335,2614.5789473684213,2625.5238095238096,2778.125,2111.166666666667,5.0,0.0,-10.009170330879659,-18.298741852053773,0.0,0.0,40.351497650146484,323.0,0.017428793,0
411.55555555555554,471.2,635.8071428571428,602.75,1059.2,1755.0,2082.5,2266.625,2362.0,2345.5,1980.0,1146.0,4.0,0.0,-8.374534338688287,-15.325010323461207,0.0,0.0,36.302608489990234,341.0,0.0064416267,0
407.0,549.5,697.5,771.0,1174.0,1561.0,1795.0,1858.0,2041.5,2133.5,2265.5,1527.0,5.0,0.0,-8.088727834942128,-16.098375695012376,0.0,0.0,42.557273864746094,348.0,0.024051614,0
542.0,617.0,814.0,848.0,1284.0,2055.0,2374.0,2533.0,2677.0,2769.0,2543.0,1537.0,5.0,0.0,-9.03809720118343,-15.817534237251845,0.0,0.0,31.020599365234375,308.0,0.008378304,0
626.0,722.0,942.5,1161.0,1516.5,2004.0,2231.5,2404.0,2461.5,2517.5,3071.5,2326.5,5.0,0.0,-10.03203276849388,-17.322202128139807,0.0,0.0,30.748136520385742,320.0,0.031923067,0
736.0909090909091,724.5333333333333,994.8,1053.25,1634.6,2147.8571428571427,2459.5,2527.4285714285716,2700.25,2942.333333333333,2989.5,2135.75,5.0,0.0,-9.840575231726284,-17.42811515076061,0.0,0.0,30.957881927490234,313.0,0.022058358,0
639.0,876.5,1145.5,1297.5,1672.5,2381.5,2624.0,2911.0,2919.5,2742.5,3028.5,2134.5,5.0,0.0,-10.370885709956976,-16.340140083576514,0.0,0.0,35.49592208862305,355.0,0.013940049,0
633.0,769.0,979.0,1299.0,1685.0,2127.0,2317.0,2484.0,2670.0,2726.0,3637.0,2618.0,5.0,0.0,-10.362430883538389,-18.708481553229362,0.0,0.0,37.51545715332031,378.0,0.04822916,0
752.0,990.0,1260.0,1498.0,1805.0,2322.0,2597.0,2638.0,2822.0,2696.0,3085.0,2275.0,5.0,0.0,-11.508056809911643,-17.848974603421503,0.0,0.0,32.61858367919922,302.0,0.023864795,0
845.0,690.2857142857143,958.2619047619048,989.475,1425.857142857143,2157.5,2354.1666666666665,2518.0,2560.7666666666664,2589.4545454545455,2452.0,1776.0,5.0,0.0,-7.160649566096875,-17.32844095208103,0.0,0.0,33.670536041259766,291.0,0.00693995,0
471.0,584.0,736.0,767.0,1116.5,1945.5,2236.0,2481.0,2517.0,2488.0,2709.5,1710.5,4.5,0.0,-8.26170478717698,-14.543978719909523,0.0,0.0,36.92372512817383,361.0,0.01308703,0
572.375,827.1666666666666,1053.8,1122.4166666666667,1433.888888888889,1755.4285714285713,1888.0,1817.5,1991.625,2235.1666666666665,1558.5,1106.5,5.0,0.0,-11.558691819355287,-18.449661483846594,0.0,0.0,39.587894439697266,295.0,0.0013009313,0
814.0,1100.5,1296.5,1505.0,1768.0,2189.5,2351.0,2481.5,2526.5,2569.5,2903.0,2394.0,5.0,0.0,-6.908397458015894,-15.12555467216477,0.0,0.0,32.34040832519531,335.0,0.017143624,0
493.0,541.0,755.0,689.5,1257.0,2135.0,2452.0,2520.0,2769.0,2735.0,2602.5,1549.5,4.0,0.0,-8.50476366955266,-15.508700911508353,0.0,0.0,38.16230773925781,439.0,0.007783399,0
338.0,375.5,525.5,421.5,923.0,2041.0,2454.5,2610.5,2724.0,2691.5,1608.5,782.5,4.0,0.0,-7.0944737264844395,-13.47056755383236,0.0,0.0,30.805076599121094,676.0,0.04397691,0
666.5,734.0,939.5,961.0,1465.0,2197.5,2510.5,2713.5,2787.0,2854.0,2243.5,1399.5,5.0,0.0,-10.606835434450616,-18.200081547543324,0.0,0.0,37.997413635253906,289.0,0.0076671606,0
475.77777777777777,609.9333333333333,864.4285714285714,1343.75,1622.923076923077,1825.8181818181818,2021.111111111111,2006.25,2134.0,2320.285714285714,2909.0,2285.0,5.0,0.0,-10.600427789517294,-18.020763060306145,0.0,0.0,39.880149841308594,599.0,0.066824846,0
651.0,793.0,1064.0,1075.0,1557.0,1986.0,2233.0,2256.0,2430.0,2697.0,2295.0,1582.0,5.0,0.0,-11.296491918491267,-19.05341155451146,0.0,0.0,31.873859405517578,301.0,0.009834429,0
601.5454545454545,751.75,979.8,983.0,1521.4285714285713,2442.25,2733.7,2888.25,3019.0,2882.6666666666665,2679.875,1841.4,5.0,0.0,-11.127854098393541,-17.026943453875496,0.0,0.0,38.97930908203125,293.0,0.00059609255,0
547.5,626.6666666666666,817.25,868.0,1255.2,2211.3333333333335,2439.5,2477.2,2624.5,2710.6666666666665,2211.0,1419.5,5.0,0.0,-8.683791459405398,-16.847763887819085,0.0,0.0,38.79679489135742,305.0,0.0008676903,0
446.0,601.0,846.0,929.0,1446.0,2193.5,2514.5,2630.0,2805.5,2823.0,2602.0,1757.5,5.0,0.0,-8.175309300974904,-14.952976240806377,0.0,0.0,34.3631591796875,296.0,0.010153115,0
743.0,822.0,1011.0,1243.0,1593.0,2304.0,2617.0,2602.0,2782.0,2723.0,2865.0,2172.0,5.0,0.0,-6.456153577198133,-15.039683372475869,0.0,0.0,30.830547332763672,315.0,0.018113814,0
482.0,514.0,624.0,555.5,930.5,1667.5,1921.0,2094.5,2177.0,2257.5,1700.0,1028.0,4.0,0.0,-8.359629944530973,-13.2615239405739,0.0,0.0,39.10354232788086,522.0,0.012970534,0
478.1875,523.6666666666666,683.4285714285714,589.2,1117.75,2270.7,2648.4,2772.0,2830.5,2836.6666666666665,2052.5,1059.0,4.0,0.0,-8.63063441137773,-15.056080131212173,0.0,0.0,37.70140075683594,413.0,0.024019103,0
470.0,552.5,711.0,708.0,1196.5,1878.5,2164.5,2182.5,2440.5,2377.5,2437.5,1615.5,5.0,0.0,-7.6994646437761975,-13.997971537001408,0.0,0.0,31.779434204101562,323.0,0.013497008,0
438.60869565217394,451.1363636363636,700.2727272727273,676.7777777777778,1114.75,2081.3,2473.4444444444443,2438.6,2792.090909090909,2625.4285714285716,1768.5,977.5,4.0,0.0,-11.788309426196479,-17.553641686519345,0.0,0.0,43.16213607788086,598.0,0.022611128,0
513.5,563.0,760.5,760.0,1118.0,1682.0,1952.0,2120.0,2105.5,2320.5,2122.0,1349.0,5.0,0.0,-9.020958619552532,-15.872626584194737,0.0,0.0,35.42021179199219,324.0,0.0075932303,0
